<SOAP-ENV:Envelope xmlns:SOAP-ENV="http://schemas.xmlsoap.org/soap/envelope/"><SOAP-ENV:Header/><SOAP-ENV:Body><ns2:AccountLoginResponse xmlns:ns2="com.advantage.online.store.accountservice"><ns2:StatusMessage><ns2:success>true</ns2:success><ns2:userId>978732828</ns2:userId><ns2:reason>Login Successful</ns2:reason><ns2:token>eyJ0eXAiOiJKV1QiLCJhbGciOiJIUzI1NiJ9.eyJpc3MiOiJ3d3cuYWR2YW50YWdlb25saW5lc2hvcHBpbmcuY29tIiwidXNlcklkIjo5Nzg3MzI4MjgsInN1YiI6IkFydHlvbTQ4NDIzIiwicm9sZSI6IlVTRVIifQ.ICvrh94mbOoxbrLeQLLeNYOohvLrLiw-2T1S5fKMplM</ns2:token><ns2:sessionId>18df01b5e3f@7E821CE1929^i%978732828</ns2:sessionId><ns2:t_authorization>QXJ0eW9tNDg0MjM6MTIzNG9P</ns2:t_authorization><ns2:accountType>20</ns2:accountType></ns2:StatusMessage></ns2:AccountLoginResponse></SOAP-ENV:Body></SOAP-ENV:Envelope>