{"userId":978732828,"productsInCart":[{"productId":21,"productName":"HP Roar Plus Wireless Speaker","price":169.99,"quantity":3,"imageUrl":"4300","color":{"code":"3683D1","name":"BLUE","inStock":10},"exists":true,"hasWarranty":false},{"productId":26,"productName":"Kensington Orbit 72352 Trackball","price":59.99,"quantity":1,"imageUrl":"5100","color":{"code":"C3C3C3","name":"GRAY","inStock":10},"exists":true,"hasWarranty":false},{"productId":18,"productName":"HP Pro Tablet 608 G1","price":479.0,"quantity":3,"imageUrl":"3300","color":{"code":"414141","name":"BLACK","inStock":10},"exists":true,"hasWarranty":false}],"sessionId":"16B2ACE98484680DDF73BB74F5D8A04A"}