<SOAP-ENV:Envelope xmlns:SOAP-ENV="http://schemas.xmlsoap.org/soap/envelope/"><SOAP-ENV:Header/><SOAP-ENV:Body><ns2:GetAccountByIdResponse xmlns:ns2="com.advantage.online.store.accountservice"><ns2:AccountResponse><ns2:id>978732828</ns2:id><ns2:lastName>Popov</ns2:lastName><ns2:firstName>Artyom</ns2:firstName><ns2:loginName>Artyom48423</ns2:loginName><ns2:accountType>20</ns2:accountType><ns2:countryId>40</ns2:countryId><ns2:countryName>United States</ns2:countryName><ns2:countryIsoName>us</ns2:countryIsoName><ns2:stateProvince>20/27/23</ns2:stateProvince><ns2:cityName>Yoshkarlola</ns2:cityName><ns2:address>Krasnoyarsk_region,Pervomayskaya,15</ns2:address><ns2:zipcode>294823986</ns2:zipcode><ns2:phoneNumber>82839749000</ns2:phoneNumber><ns2:email>ArtyomPopov@hotmail.com</ns2:email><ns2:defaultPaymentMethodId>0</ns2:defaultPaymentMethodId><ns2:allowOffersPromotion>false</ns2:allowOffersPromotion><ns2:internalUnsuccessfulLoginAttempts>0</ns2:internalUnsuccessfulLoginAttempts><ns2:internalUserBlockedFromLoginUntil>0</ns2:internalUserBlockedFromLoginUntil><ns2:internalLastSuccesssulLogin>0</ns2:internalLastSuccesssulLogin><ns2:loginPassword>d15e4050b6639c79e3c2b5452b254298c127ba27</ns2:loginPassword><ns2:aobUser>false</ns2:aobUser></ns2:AccountResponse></ns2:GetAccountByIdResponse></SOAP-ENV:Body></SOAP-ENV:Envelope>