{
  "FilterHeaders": [
    {
      "Header": "x-requested-with",
      "IncludeInScript": true
    },
    {
      "Header": "user-agent",
      "IncludeInScript": false
    },
    {
      "Header": "upgrade-insecure-requests",
      "IncludeInScript": true
    },
    {
      "Header": "soapaction",
      "IncludeInScript": true
    },
    {
      "Header": "pragma",
      "IncludeInScript": false
    },
    {
      "Header": "origin",
      "IncludeInScript": true
    },
    {
      "Header": "if-none-match",
      "IncludeInScript": false
    },
    {
      "Header": "if-modified-since",
      "IncludeInScript": false
    },
    {
      "Header": "cache-control",
      "IncludeInScript": false
    },
    {
      "Header": "authorization",
      "IncludeInScript": true
    },
    {
      "Header": "accept-language",
      "IncludeInScript": false
    },
    {
      "Header": "accept-encoding",
      "IncludeInScript": false
    },
    {
      "Header": "accept",
      "IncludeInScript": false
    }
  ],
  "FilterResources": [
    {
      "IsNonResource": true,
      "type": "text/xml"
    },
    {
      "IsNonResource": true,
      "type": "text/html"
    },
    {
      "IsNonResource": false,
      "type": "text/css"
    },
    {
      "IsNonResource": false,
      "type": "image/png"
    },
    {
      "IsNonResource": false,
      "type": "image/jpeg"
    },
    {
      "IsNonResource": false,
      "type": "font/woff"
    },
    {
      "IsNonResource": false,
      "type": "application/ocsp-response"
    },
    {
      "IsNonResource": true,
      "type": "application/json"
    }
  ],
  "GeneralInfo": {
    "BrowserVersion": "",
    "MaxUsedConnections": 17,
    "RecordedBrowser": "Firefox",
    "RecordingDate": "фев-28-2024",
    "RecordingDuration": 251703,
    "RecordingTimeStamp": 1709130278,
    "TotalBytesReceived": 217914,
    "TotalBytesSent": 30794,
    "TotalRequests": 39
  },
  "HostInfo": [
    {
      "DomainName": "ocsp.pki.goog",
      "Domains": [
        {
          "HTTPVersion": "HTTP/1.1",
          "IP": "173.194.222.94",
          "IncludeInScript": false,
          "Name": "ocsp.pki.goog",
          "Port": 80,
          "Requests": [
            {
              "CompressionType": "",
              "DataType": "application/ocsp-response",
              "DownloadTime": 31,
              "EventId": 693,
              "HttpStatus": 200,
              "Size": 471,
              "URL": "http://ocsp.pki.goog/gts1c3"
            },
            {
              "CompressionType": "",
              "DataType": "application/ocsp-response",
              "DownloadTime": 47,
              "EventId": 689,
              "HttpStatus": 200,
              "Size": 472,
              "URL": "http://ocsp.pki.goog/gts1c3"
            },
            {
              "CompressionType": "",
              "DataType": "application/ocsp-response",
              "DownloadTime": 47,
              "EventId": 560,
              "HttpStatus": 200,
              "Size": 471,
              "URL": "http://ocsp.pki.goog/gts1c3"
            }
          ],
          "SSLCipher": "None",
          "SSLVersion": "None"
        }
      ],
      "IncludeInScript": true
    },
    {
      "DomainName": "firefox.com",
      "Domains": [
        {
          "HTTPVersion": "HTTP/1.1",
          "IP": "34.107.221.82",
          "IncludeInScript": false,
          "Name": "detectportal.firefox.com",
          "Port": 80,
          "Requests": [
            {
              "CompressionType": "",
              "DataType": "text/plain",
              "DownloadTime": 47,
              "EventId": 873,
              "HttpStatus": 200,
              "Size": 8,
              "URL": "http://detectportal.firefox.com/success.txt?ipv4"
            },
            {
              "CompressionType": "",
              "DataType": "text/html",
              "DownloadTime": 47,
              "EventId": 857,
              "HttpStatus": 200,
              "Size": 90,
              "URL": "http://detectportal.firefox.com/canonical.html"
            },
            {
              "CompressionType": "",
              "DataType": "text/plain",
              "DownloadTime": 62,
              "EventId": 763,
              "HttpStatus": 200,
              "Size": 8,
              "URL": "http://detectportal.firefox.com/success.txt?ipv4"
            },
            {
              "CompressionType": "",
              "DataType": "text/html",
              "DownloadTime": 47,
              "EventId": 749,
              "HttpStatus": 200,
              "Size": 90,
              "URL": "http://detectportal.firefox.com/canonical.html"
            },
            {
              "CompressionType": "",
              "DataType": "text/plain",
              "DownloadTime": 47,
              "EventId": 614,
              "HttpStatus": 200,
              "Size": 8,
              "URL": "http://detectportal.firefox.com/success.txt?ipv4"
            },
            {
              "CompressionType": "",
              "DataType": "text/html",
              "DownloadTime": 47,
              "EventId": 597,
              "HttpStatus": 200,
              "Size": 90,
              "URL": "http://detectportal.firefox.com/canonical.html"
            },
            {
              "CompressionType": "",
              "DataType": "text/plain",
              "DownloadTime": 47,
              "EventId": 380,
              "HttpStatus": 200,
              "Size": 8,
              "URL": "http://detectportal.firefox.com/success.txt?ipv4"
            },
            {
              "CompressionType": "",
              "DataType": "text/html",
              "DownloadTime": 47,
              "EventId": 366,
              "HttpStatus": 200,
              "Size": 90,
              "URL": "http://detectportal.firefox.com/canonical.html"
            },
            {
              "CompressionType": "",
              "DataType": "text/plain",
              "DownloadTime": 46,
              "EventId": 344,
              "HttpStatus": 200,
              "Size": 8,
              "URL": "http://detectportal.firefox.com/success.txt?ipv4"
            },
            {
              "CompressionType": "",
              "DataType": "text/html",
              "DownloadTime": 47,
              "EventId": 330,
              "HttpStatus": 200,
              "Size": 90,
              "URL": "http://detectportal.firefox.com/canonical.html"
            },
            {
              "CompressionType": "",
              "DataType": "text/plain",
              "DownloadTime": 47,
              "EventId": 322,
              "HttpStatus": 200,
              "Size": 8,
              "URL": "http://detectportal.firefox.com/success.txt?ipv4"
            },
            {
              "CompressionType": "",
              "DataType": "text/html",
              "DownloadTime": 47,
              "EventId": 301,
              "HttpStatus": 200,
              "Size": 90,
              "URL": "http://detectportal.firefox.com/canonical.html"
            },
            {
              "CompressionType": "",
              "DataType": "text/plain",
              "DownloadTime": 46,
              "EventId": 273,
              "HttpStatus": 200,
              "Size": 8,
              "URL": "http://detectportal.firefox.com/success.txt?ipv4"
            },
            {
              "CompressionType": "",
              "DataType": "text/html",
              "DownloadTime": 62,
              "EventId": 249,
              "HttpStatus": 200,
              "Size": 90,
              "URL": "http://detectportal.firefox.com/canonical.html"
            },
            {
              "CompressionType": "",
              "DataType": "text/plain",
              "DownloadTime": 47,
              "EventId": 232,
              "HttpStatus": 200,
              "Size": 8,
              "URL": "http://detectportal.firefox.com/success.txt?ipv4"
            },
            {
              "CompressionType": "",
              "DataType": "text/html",
              "DownloadTime": 63,
              "EventId": 188,
              "HttpStatus": 200,
              "Size": 90,
              "URL": "http://detectportal.firefox.com/canonical.html"
            }
          ],
          "SSLCipher": "None",
          "SSLVersion": "None"
        }
      ],
      "IncludeInScript": true
    },
    {
      "DomainName": "54.157.232.206",
      "Domains": [
        {
          "HTTPVersion": "HTTP/1.1",
          "IP": "54.157.232.206",
          "IncludeInScript": true,
          "Name": "54.157.232.206",
          "Port": 80,
          "Requests": [
            {
              "CompressionType": "gzip",
              "DataType": "application/json",
              "DownloadTime": 234,
              "EventId": 940,
              "HttpStatus": 200,
              "Size": 66,
              "URL": "http://54.157.232.206/order/api/v1/carts/978732828"
            },
            {
              "CompressionType": "gzip",
              "DataType": "application/json",
              "DownloadTime": 531,
              "EventId": 907,
              "HttpStatus": 200,
              "Size": 162,
              "URL": "http://54.157.232.206/order/api/v1/orders/users/978732828"
            },
            {
              "CompressionType": "",
              "DataType": "text/xml",
              "DownloadTime": 188,
              "EventId": 895,
              "HttpStatus": 200,
              "Size": 408,
              "URL": "http://54.157.232.206/accountservice/ws/AddSafePayMethodRequest"
            },
            {
              "CompressionType": "gzip",
              "DataType": "text/xml",
              "DownloadTime": 172,
              "EventId": 871,
              "HttpStatus": 200,
              "Size": 4184,
              "URL": "http://54.157.232.206/accountservice/ws/GetCountriesRequest"
            },
            {
              "CompressionType": "",
              "DataType": "image/png",
              "DownloadTime": 156,
              "EventId": 847,
              "HttpStatus": 200,
              "Size": 2190,
              "URL": "http://54.157.232.206/css/images/Shipex.png"
            },
            {
              "CompressionType": "gzip",
              "DataType": "text/html",
              "DownloadTime": 140,
              "EventId": 834,
              "HttpStatus": 200,
              "Size": 920,
              "URL": "http://54.157.232.206/app/order/views/orderPayment-page.html"
            },
            {
              "CompressionType": "",
              "DataType": "text/xml",
              "DownloadTime": 172,
              "EventId": 832,
              "HttpStatus": 200,
              "Size": 226,
              "URL": "http://54.157.232.206/accountservice/ws/GetAccountPaymentPreferencesRequest"
            },
            {
              "CompressionType": "gzip",
              "DataType": "application/json",
              "DownloadTime": 250,
              "EventId": 829,
              "HttpStatus": 200,
              "Size": 128,
              "URL": "http://54.157.232.206/order/api/v1/shippingcost/"
            },
            {
              "CompressionType": "gzip",
              "DataType": "application/json",
              "DownloadTime": 500,
              "EventId": 827,
              "HttpStatus": 200,
              "Size": 347,
              "URL": "http://54.157.232.206/order/api/v1/carts/978732828"
            },
            {
              "CompressionType": "",
              "DataType": "text/xml",
              "DownloadTime": 157,
              "EventId": 825,
              "HttpStatus": 200,
              "Size": 1268,
              "URL": "http://54.157.232.206/accountservice/ws/GetAccountByIdNewRequest"
            },
            {
              "CompressionType": "",
              "DataType": "text/xml",
              "DownloadTime": 188,
              "EventId": 823,
              "HttpStatus": 200,
              "Size": 1333,
              "URL": "http://54.157.232.206/accountservice/ws/GetAccountByIdRequest"
            },
            {
              "CompressionType": "gzip",
              "DataType": "text/html",
              "DownloadTime": 141,
              "EventId": 792,
              "HttpStatus": 200,
              "Size": 1471,
              "URL": "http://54.157.232.206/app/views/shoppingCart.html"
            },
            {
              "CompressionType": "gzip",
              "DataType": "application/json",
              "DownloadTime": 515,
              "EventId": 790,
              "HttpStatus": 200,
              "Size": 347,
              "URL": "http://54.157.232.206/order/api/v1/carts/978732828"
            },
            {
              "CompressionType": "gzip",
              "DataType": "application/json",
              "DownloadTime": 593,
              "EventId": 784,
              "HttpStatus": 200,
              "Size": 100,
              "URL": "http://54.157.232.206/order/api/v1/carts/978732828"
            },
            {
              "CompressionType": "",
              "DataType": "image/jpeg",
              "DownloadTime": 172,
              "EventId": 780,
              "HttpStatus": 200,
              "Size": 13357,
              "URL": "http://54.157.232.206/catalog/fetchImage?image_id=3300"
            },
            {
              "CompressionType": "",
              "DataType": "image/jpeg",
              "DownloadTime": 172,
              "EventId": 775,
              "HttpStatus": 200,
              "Size": 13357,
              "URL": "http://54.157.232.206/catalog/fetchImage?image_id=4300"
            },
            {
              "CompressionType": "gzip",
              "DataType": "application/json",
              "DownloadTime": 469,
              "EventId": 769,
              "HttpStatus": 200,
              "Size": 347,
              "URL": "http://54.157.232.206/order/api/v1/carts/978732828"
            },
            {
              "CompressionType": "",
              "DataType": "text/xml",
              "DownloadTime": 172,
              "EventId": 767,
              "HttpStatus": 200,
              "Size": 799,
              "URL": "http://54.157.232.206/accountservice/ws/AccountLoginRequest"
            },
            {
              "CompressionType": "",
              "DataType": "font/woff",
              "DownloadTime": 312,
              "EventId": 722,
              "HttpStatus": 200,
              "Size": 24944,
              "URL": "http://54.157.232.206/css/fonts/roboto_thin_macroman/Roboto-Thin-webfont.woff"
            },
            {
              "CompressionType": "",
              "DataType": "font/woff",
              "DownloadTime": 141,
              "EventId": 717,
              "HttpStatus": 200,
              "Size": 24808,
              "URL": "http://54.157.232.206/css/fonts/roboto_bold_macroman/Roboto-Bold-webfont.woff"
            },
            {
              "CompressionType": "",
              "DataType": "image/png",
              "DownloadTime": 156,
              "EventId": 709,
              "HttpStatus": 200,
              "Size": 2064,
              "URL": "http://54.157.232.206/css/images/twitter.png"
            },
            {
              "CompressionType": "gzip",
              "DataType": "text/html",
              "DownloadTime": 157,
              "EventId": 701,
              "HttpStatus": 200,
              "Size": 2232,
              "URL": "http://54.157.232.206/app/views/home-page.html"
            },
            {
              "CompressionType": "gzip",
              "DataType": "application/json",
              "DownloadTime": 156,
              "EventId": 699,
              "HttpStatus": 200,
              "Size": 500,
              "URL": "http://54.157.232.206/app/tempFiles/popularProducts.json"
            },
            {
              "CompressionType": "gzip",
              "DataType": "application/json",
              "DownloadTime": 266,
              "EventId": 695,
              "HttpStatus": 200,
              "Size": 351,
              "URL": "http://54.157.232.206/catalog/api/v1/deals/search?dealOfTheDay=true"
            },
            {
              "CompressionType": "gzip",
              "DataType": "application/json",
              "DownloadTime": 266,
              "EventId": 670,
              "HttpStatus": 200,
              "Size": 4470,
              "URL": "http://54.157.232.206/catalog/api/v1/categories"
            },
            {
              "CompressionType": "",
              "DataType": "text/xml",
              "DownloadTime": 188,
              "EventId": 665,
              "HttpStatus": 200,
              "Size": 823,
              "URL": "http://54.157.232.206/accountservice/ws/GetAccountConfigurationRequest"
            },
            {
              "CompressionType": "gzip",
              "DataType": "application/json",
              "DownloadTime": 188,
              "EventId": 639,
              "HttpStatus": 200,
              "Size": 6541,
              "URL": "http://54.157.232.206/catalog/api/v1/DemoAppConfig/parameters/by_tool/ALL"
            },
            {
              "CompressionType": "",
              "DataType": "font/woff",
              "DownloadTime": 172,
              "EventId": 632,
              "HttpStatus": 200,
              "Size": 25048,
              "URL": "http://54.157.232.206/css/fonts/roboto_medium_macroman/Roboto-Medium-webfont.woff"
            },
            {
              "CompressionType": "",
              "DataType": "font/woff",
              "DownloadTime": 156,
              "EventId": 620,
              "HttpStatus": 200,
              "Size": 24576,
              "URL": "http://54.157.232.206/css/fonts/roboto_light_macroman/Roboto-Light-webfont.woff"
            },
            {
              "CompressionType": "",
              "DataType": "",
              "DownloadTime": 156,
              "EventId": 611,
              "HttpStatus": 200,
              "Size": 1016,
              "URL": "http://54.157.232.206/services.properties"
            },
            {
              "CompressionType": "",
              "DataType": "",
              "DownloadTime": 141,
              "EventId": 576,
              "HttpStatus": 304,
              "Size": 0,
              "URL": "http://54.157.232.206/main.min.js"
            },
            {
              "CompressionType": "",
              "DataType": "font/woff",
              "DownloadTime": 156,
              "EventId": 564,
              "HttpStatus": 200,
              "Size": 25020,
              "URL": "http://54.157.232.206/css/fonts/roboto_regular_macroman/Roboto-Regular-webfont.woff"
            },
            {
              "CompressionType": "",
              "DataType": "",
              "DownloadTime": 157,
              "EventId": 556,
              "HttpStatus": 304,
              "Size": 0,
              "URL": "http://54.157.232.206/vendor/requirejs/require.js"
            },
            {
              "CompressionType": "gzip",
              "DataType": "text/css",
              "DownloadTime": 140,
              "EventId": 543,
              "HttpStatus": 200,
              "Size": 30100,
              "URL": "http://54.157.232.206/css/main.min.css"
            },
            {
              "CompressionType": "gzip",
              "DataType": "",
              "DownloadTime": 157,
              "EventId": 539,
              "HttpStatus": 500,
              "Size": 0,
              "URL": "http://54.157.232.206/ruxitagentjs_2bnr_0.js"
            },
            {
              "CompressionType": "gzip",
              "DataType": "text/html",
              "DownloadTime": 157,
              "EventId": 531,
              "HttpStatus": 200,
              "Size": 2997,
              "URL": "http://54.157.232.206/"
            }
          ],
          "SSLCipher": "None",
          "SSLVersion": "None"
        }
      ],
      "IncludeInScript": true
    }
  ],
  "WebSocket": {
    "IncludeInScript": false,
    "IsScriptIncludeWebSocket": false
  },
  "NumberOfCorrelations": 0
}